page_group,url_path,meta_title,meta_description
Main Pages,/,Facade Solution Company in Mumbai & India | Glass Wall Systems,"Glass Wall Systems is among top facade companies in Mumbai & India, offering architectural facade solutions, glass wall systems, aluminium glazing works & structural glazing services."
Main Pages,/about-us,About Us - Glass Wall Systems,"Learn about Glass Wall Systems, India's leading façade solutions provider, driven by innovation, quality, and exceptional customer service."
Main Pages,/awards-recognition,Awards & Recognition - Glass Wall Systems,"Glass Wall Systems' prestigious awards and recognition, acknowledging excellence in façade design, engineering, and delivery."
Main Pages,/board-of-directors,Board of Directors - Glass Wall Systems,"Meet Glass Wall Systems' visionary Board of Directors, leading strategic growth, innovation, and excellence in façade solutions."
Project category pages,/projects/commercial-and-hospitality,Commercial & Hospitality - Glass Wall Systems,"Elevate your commercial or hospitality space with Glass Wall Systems' expertise in façade design, engineering, and functionality."
Main Pages,/contact-us,Contact Us - Glass Wall Systems,"Connect with Glass Wall Systems for inquiries, feedback, or project discussions. Expert façade solutions providers, dedicated to excellence."
Main Pages,/design-and-engineering,Design And Engineering - Glass Wall Systems,"Expert façade design and engineering services by Glass Wall Systems optimize performance, aesthetics, and sustainability."
Main Pages,/facility,Facility - Glass Wall Systems,"Tour Glass Wall Systems' state-of-the-art facility, showcasing efficient façade manufacturing, quality control, and precision engineering."
Main Pages,/innovation,Innovation - Glass Wall Systems,"Discover Glass Wall Systems' cutting-edge façade solutions, combining innovative design, engineering, and technology for optimal performance."
Main Pages,/project-management,Project Management - Glass Wall Systems,"Expert project management by Glass Wall Systems ensures timely, within-budget delivery of façade solutions, prioritizing quality and client satisfaction."
Residential projects,/residential-projects/360-worli,Oberoi 360 West - Glass Wall Systems,Discover luxury living at 360 Worli by Oberoi Realty. Explore premium residences with world-class amenities. Book your tour now!
Commercial and hospitality projects,/commercial-and-hospitality/altimus,Altimus - Glass Wall Systems,"Position your business at Altimus, Mumbai. Contemporary design and top-tier amenities. Book a viewing to secure your office space today!"
Residential projects,/residential-projects/artesia,Artesia - Glass Wall Systems,"Explore Artesia's stunning glass installations, crafted by Glass Wall Systems. Discover a new way of luxury living!"
Residential projects,/residential-projects/atmosphere,Atmosphere - Glass Wall Systems,"Claim your luxury apartment at Atmosphere, Kolkata. Top-tier amenities and design. Take a closer look!"
Residential projects,/residential-projects/avana,Avana - Glass Wall Systems,"Step into the world of Avana in Mumbai, Premium amenities and prime location. Book your tour now!"
Commercial and hospitality projects,/commercial-and-hospitality/goldstone,Bagmane Goldstone - Glass Wall Systems,Position your enterprise at Bagmane Goldstone. State-of-the-art facilities in a prime location. Contact us now!
Commercial and hospitality projects,/commercial-and-hospitality/rio-google,Bagmane Rio - Glass Wall Systems,Secure your business's future at Bagmane Rio. Modern infrastructure and sustainable design await. Learn more about this iconic project.
Commercial and hospitality projects,/commercial-and-hospitality/dan-hotel,Dan Hotel - Glass Wall Systems,"Marvel at Dan Hotel's breathtaking glass installations, crafted by Glass Wall Systems. Find out what makes this project truly unique!"
Commercial and hospitality projects,/commercial-and-hospitality/delhi-international-airports-limited,Delhi International Airport Limited - Glass Wall Systems,Discover how Glass Wall Systems' cutting-edge glass solutions transformed Delhi International Airport Limited into a world-class hub.
Residential projects,/residential-projects/embassy-boulevard,Embassy Boulevard - Glass Wall Systems,Experience exclusive living at Embassy Boulevard. Discover premium villas with top-notch amenities. Schedule your visit today!
Residential projects,/residential-projects/embassy-lake-terrace,Embassy Lake Terrace - Glass Wall Systems,"Discover the ultimate luxury living experience at Embassy Lake Terrace, with breathtaking glass solutions by Glass Wall Systems. Learn more!"
Commercial and hospitality projects,/commercial-and-hospitality/flipkart,Flipkart - Glass Wall Systems,Discover how Glass Wall Systems' cutting-edge glass solutions transformed Flipkart into a modern hub. A futuristic workspace designed for innovation and efficiency.
Commercial and hospitality projects,/commercial-and-hospitality/godrej-commercial-hebbal,Godrej Commercial Hebbal - Glass Wall Systems,Discover how Glass Wall Systems' cutting-edge glass solutions transformed Godrej Commercial Hebbal into a modern hub. Get the inside scoop on this project!
Residential projects,/residential-projects/godrej-platinum,Godrej Platinum - Glass Wall Systems,Experience luxury living at Godrej Platinum in Bangalore. Discover premium residences with world-class amenities. Book your tour now!
Residential projects,/residential-projects/gulita,Gulita - Glass Wall Systems,"Experience the epitome of luxury at Gulita, a stunning seaside mansion in Mumbai. Discover this architectural marvel today!"
Residential projects,/residential-projects/indiabulls-blu,Indiabulls Blu - Glass Wall Systems,Explore luxury living at Indiabulls Blu. Explore premium residences with world-class amenities. Schedule a visit today!
Commercial and hospitality projects,/commercial-and-hospitality/indiabulls-financial-centre,Indiabulls Financial Center - Glass Wall Systems,"Step into the world of Indiabulls Financial Centre, where Glass Wall Systems' stunning glass installations redefine commercial spaces. Take a closer look at this iconic project!"
Residential projects,/residential-projects/indiabulls-sky,Indiabulls Sky - Glass Wall Systems,"Discover the epitome of luxury living at Indiabulls Sky, a prestigious project by Glasswall Systems. Explore our stunning glass installations & elevate your view!"
Residential projects,/residential-projects/indiabulls-skyforest,Indiabulls Skyforest - Glass Wall Systems,"Own a duplex at Indiabulls Sky Forest, Lower Parel. Exclusive residences with panoramic views. Contact us today!"
Commercial and hospitality projects,/commercial-and-hospitality/j-w-marriott,J.W. Marriott - Glass Wall Systems,Indulge in unparalleled luxury at JW Marriott Bengaluru. World-class amenities and exceptional service await. Find out more about this project!
Residential projects,/residential-projects/kingfisher-tower,Kingfisher Tower - Glass Wall Systems,Discover premium residences at Kingfisher Tower in Bangalore. Experience unparalleled luxury and comfort. Schedule your visit today!
Commercial and hospitality projects,/commercial-and-hospitality/kohinoor-square-tower,Kohinoor Square Tower - Glass Wall Systems,"tep into the world of Kohinoor Square Tower, where Glass Wall Systems' stunning glass installations redefine luxury commercial spaces. Take a closer look!"
Residential projects,/residential-projects/lodha-world-one,Lodha World One - Glass Wall Systems,"Witness the grandeur of Lodha World One, featuring breathtaking glass installations by Glasswall Systems. Explore this iconic project now!"
Commercial and hospitality projects,/commercial-and-hospitality/marathon-futurex,Marathon Futurex - Glass Wall Systems,See how Glass Wall Systems' cutting-edge glass solutions transformed Marathon Futurex into a modern hub. Get the inside scoop and discover how you can benefit from similar solutions!
Commercial and hospitality projects,/commercial-and-hospitality/mondeal-heights,Mondeal Heights - Glass Wall Systems,"Get an exclusive look at Mondeal Heights' stunning glass installations, crafted by Glass Wall Systems. Unlock the secrets of luxury living!"
Commercial and hospitality projects,/commercial-and-hospitality/mondeal-squares,Mondeal Square - Glass Wall Systems,"Marvel at Mondeal Square's breathtaking glass installations, crafted by Glass Wall Systems. Find out what makes this project truly unique!"
Commercial and hospitality projects,/commercial-and-hospitality/national-cancer-institute,National Cancer Hospital - Glass Wall Systems,Discover how Glass Wall Systems' innovative glass solutions are helping the National Cancer Institute achieve its mission. Find out more about this!
Residential projects,/residential-projects/one-avighna-park,One Avighna Park - Glass Wall Systems,"Get an insider's look at One Avighna Park's stunning glass installations, crafted by Glass Wall Systems. Unlock the secrets of luxury living!"
Commercial and hospitality projects,/commercial-and-hospitality/one-horizon-center,One Horizon Center - Glass Wall Systems,Elevate your business at One Horizon Center. Premium facilities in a strategic location. Contact Us Now!
Commercial and hospitality projects,/commercial-and-hospitality/one-indiabulls-centre,Indiabulls One world Center - Glass Wall Systems,"Establish your enterprise at One Indiabulls Centre, Mumbai. State-of-the-art facilities in a prime location. Contact us now."
Commercial and hospitality projects,/commercial-and-hospitality/reliance-twin-tower,Reliance Twin Tower - Glass Wall Systems,"Marvel at Reliance Twin Tower's breathtaking glass installations, crafted by Glass Wall Systems. Find out what makes this project truly unique!"
Commercial and hospitality projects,/commercial-and-hospitality/st-regis-hotel,St. Regis Hotel - Glass Wall Systems,"Get an exclusive look at St Regis Hotel's stunning glass installations, crafted by Glass Wall Systems. Unlock the secrets of luxury hospitality! Learn more about this project."
Commercial and hospitality projects,/commercial-and-hospitality/taj-trees,Taj Trees - Glass Wall Systems,"Get an insider's look at Taj Trees' stunning glass installations, crafted by Glass Wall Systems. Learn more about this iconic project and how it's redefining luxury!"
Commercial and hospitality projects,/commercial-and-hospitality/taurus,Taurus - Glass Wall Systems,"Step into the world of Taurus, where Glass Wall Systems' stunning glass installations redefine luxury commercial spaces. Take a closer look!"
Residential projects,/residential-projects/the-42,The 42 - Glass Wall Systems,Learn how Glass Wall Systems' cutting-edge glass solutions helped The 42 become Kolkata's tallest luxury address. Find out more!
Commercial and hospitality projects,/commercial-and-hospitality/the-capital,The Capital - Glass Wall Systems,"Get an insider's look at The Capital's stunning glass installations, crafted by Glass Wall Systems. Learn more about this iconic project and how it's redefining luxury!"
Commercial and hospitality projects,/commercial-and-hospitality/the-chedi,The Chedi - Glass Wall Systems,"Step into the world of The Chedi, where Glass Wall Systems' stunning glass installations redefine luxury commercial spaces. Take a closer look!"
Residential projects,/residential-projects/the-park-3,The Park - Glass Wall Systems,Experience upscale living at The Park by Lodha Group. Discover premium residences featuring stunning glass installations by Glass Wall Systems. Explore our expertise!
Project category pages,/projects/residential-projects,Residential - Glass Wall Systems,"Explore Glass Wall Systems' stunning residential projects, delivering luxurious façades, exceptional quality, and unparalleled aesthetic appeal."
Main Pages,/annual-report,Annual Report – Glass Wall Systems (India) Limited,"Download the latest annual report of Glass Wall Systems (India) Limited. Review our financial performance, business highlights, and strategic outlook."
Main Pages,/careers,Careers at Glass Wall Systems India – Join Our Facade Engineering Team,"Explore career opportunities at Glass Wall Systems India. Join a team of 1,000+ facade engineering experts delivering landmark projects across India and globally."
Commercial and hospitality projects,/commercial-and-hospitality/ankor-east,Ankor East Facade Project – Glass Wall Systems India,Explore the facade solution delivered by Glass Wall Systems India for the Ankor East commercial development.
Commercial and hospitality projects,/commercial-and-hospitality/bagmane-lake-view,Bagmane Lake View Facade – Glass Wall Systems India,Glass Wall Systems India delivered the curtain wall and facade works for the Bagmane Lake View commercial project in Bengaluru.
Commercial and hospitality projects,/commercial-and-hospitality/bagmane-memphis,Bagmane Memphis Facade – Glass Wall Systems India,Glass Wall Systems India delivered the facade and curtain wall works for the Bagmane Memphis commercial project in Bengaluru.
Commercial and hospitality projects,/commercial-and-hospitality/bagmane-radon,Bagmane Radon Facade – Glass Wall Systems India,"Glass Wall Systems India executed the facade and glazing works for Bagmane Radon, part of Bagmane Solarium City in Bengaluru."
Commercial and hospitality projects,/commercial-and-hospitality/ctrl-s-data-center,CtrlS Data Center Facade – Glass Wall Systems India,Explore the facade solution delivered by Glass Wall Systems India for the CtrlS Data Center project.
Commercial and hospitality projects,/commercial-and-hospitality/etz,ETZ Pune Facade Project – Glass Wall Systems India,"Glass Wall Systems India executed the facade and glazing works for the ETZ commercial project in Pune, delivering a high-performance building envelope solution."
Commercial and hospitality projects,/commercial-and-hospitality/helium,Bagmane Helium Facade – Glass Wall Systems India,Discover the glass facade and curtain wall solution delivered by Glass Wall Systems India for the Bagmane Helium building in Bengaluru.
Commercial and hospitality projects,/commercial-and-hospitality/infosys-345,Infosys 345 Facade – Glass Wall Systems India,Glass Wall Systems India delivered the curtain wall and facade solution for the Infosys 345 commercial development.
Commercial and hospitality projects,/commercial-and-hospitality/manyata,Manyata Tech Park Facade – Glass Wall Systems India,Glass Wall Systems India delivered facade and glazing solutions for the Manyata Tech Park commercial project in Bengaluru.
Commercial and hospitality projects,/commercial-and-hospitality/million-mind-tech-city,Million Mind Tech City Facade – Glass Wall Systems India,Explore the facade solution executed by Glass Wall Systems India for the Million Mind Tech City IT Park development.
Commercial and hospitality projects,/commercial-and-hospitality/prestige-tech-forest,Prestige Tech Forest Facade – Glass Wall Systems India,"Discover the curtain wall and facade solution delivered by Glass Wall Systems India for Prestige Tech Forest, Bengaluru."
Commercial and hospitality projects,/commercial-and-hospitality/sumadhura,Sumadhura Capitol Towers Facade – Glass Wall Systems India,"Glass Wall Systems India delivered the facade and curtain wall solution for Sumadhura Capitol Towers, a landmark commercial development in Bengaluru."
Commercial and hospitality projects,/commercial-and-hospitality/troy,Bagmane Troy Facade – Glass Wall Systems India,"Discover the glass wall and facade solution executed by Glass Wall Systems India for Bagmane Troy, a landmark IT park building in Bengaluru."
Commercial and hospitality projects,/commercial-and-hospitality/wipro,Wipro Campus Facade – Glass Wall Systems India,Explore the facade and glazing solution delivered by Glass Wall Systems India for the Wipro corporate campus project.
Main Pages,/corporate-governance,Corporate Governance – Glass Wall Systems (India) Limited,"View our corporate governance framework including board composition, policies, and compliance practices at Glass Wall Systems (India) Limited."
Main Pages,/disclosures,Regulatory Disclosures – Glass Wall Systems (India) Limited,Access all statutory and regulatory disclosures filed by Glass Wall Systems (India) Limited in compliance with SEBI and stock exchange requirements.
Main Pages,/esg,ESG Initiatives – Glass Wall Systems India,"Learn about Glass Wall Systems India's commitment to environmental, social, and governance practices including energy-efficient facade solutions and sustainable building systems."
Main Pages,/investor-resources,Investor Resources – Glass Wall Systems (India) Limited,"Access investor resources, financial disclosures, annual reports, and corporate governance documents for Glass Wall Systems (India) Limited."
Main Pages,/ipo,IPO – Glass Wall Systems (India) Limited,"Learn about the Glass Wall Systems (India) Limited IPO including offer details, DRHP, financials, and investment information."
Main Pages,/ipo/disclaimer,IPO Disclaimer – Glass Wall Systems (India) Limited,Read the disclaimer associated with the Glass Wall Systems (India) Limited IPO page before proceeding to investment-related information.
Main Pages,/ipo/disclaimer/confirm,IPO Disclaimer Confirmation – Glass Wall Systems (India) Limited,Confirm your acknowledgement of the IPO disclaimer for Glass Wall Systems (India) Limited to access the investor information section.
Main Pages,/media,Media & News – Glass Wall Systems India,"Stay updated with the latest news, press releases, project highlights, and media coverage from Glass Wall Systems India, a leading facade solutions company."
Main Pages,/privacy-policy,Privacy Policy – Glass Wall Systems (India) Limited,"Read the privacy policy of Glass Wall Systems (India) Limited to understand how we collect, use, and protect your personal information on our website."
Main Pages,/products,Facade & Glass Wall Products – Glass Wall Systems India,"Explore our complete range of facade and glass wall products including curtain wall systems, rainscreen cladding, and architectural louvers for commercial projects across India."
Main Pages,/products/facade-and-curtain-wall-systems,Facade & Curtain Wall Systems – Glass Wall Systems India,"Leading curtain wall and facade system manufacturer in India. Offering unitized curtain wall, structural glazing, aluminium glass facade systems for commercial and hospitality projects."
Main Pages,/products/louvers,Architectural Louvers & Sun Control Systems – Glass Wall Systems India,"Explore our range of architectural louvers, aluminium fins, terracotta and aluminium sun control systems designed for facade sun shading and aesthetic building exteriors."
Main Pages,/products/rain-screen-cladding,"Rainscreen Cladding Systems – Metal, Aluminium & Stone Cladding India","Discover our rainscreen cladding solutions including metal, aluminium composite, dry stone, perforated, HPL, and insulated sandwich panel cladding systems for commercial buildings."
Main Pages,/projects,Facade Projects Portfolio – Glass Wall Systems India,"Browse our completed facade and curtain wall projects across India and internationally. Delivering turnkey glass facade solutions for commercial, hospitality, and mixed-use developments."
Project category pages,/projects/international-projects,International Facade Projects – Glass Wall Systems India,"Explore Glass Wall Systems India's international facade and curtain wall projects delivered across the USA, Australia, Qatar, and Sri Lanka."
Main Pages,/terms-conditions,Terms & Conditions – Glass Wall Systems (India) Limited,Review the terms and conditions governing the use of the Glass Wall Systems (India) Limited website and its content.
